brand_category,brands
영패션,게스
영패션,꾸즈
영패션,
영패션,나이스클랍
영패션,
영패션,디데무
영패션,디키즈
영패션,또마New
영패션,
영패션,라인
영패션,로티니
영패션,르꼴레뜨
영패션,르샵
영패션,르윗
영패션,리바이스
영패션,리스트
영패션,리안뉴욕
영패션,리트머스
영패션,
영패션,마인드브릿지
영패션,매그 앤 매그
영패션,메긴나잇브릿지
영패션,모비토
영패션,
영패션,BNX(비앤엑스)
영패션,바닐라비
영패션,발렌시아
영패션,백패커스
영패션,밸리걸
영패션,버커루 ACC
영패션,버커루 진
영패션,베네통
영패션,벵갈빈티지New
영패션,보니알렉스
영패션,보브
영패션,브릿지11
영패션,비지트인뉴욕
영패션,비키Sale
영패션,
영패션,수퍼드라이
영패션,숲
영패션,쉐인진
영패션,스위트숲
영패션,스테파넬
영패션,스프링필드
영패션,시슬리
영패션,써쓰데이아일랜드
영패션,씨Sale
영패션,씨씨콜렉트
영패션,
영패션,ASK
영패션,애드혹
영패션,앤듀
영패션,어스앤뎀
영패션,에고이스트
영패션,에코플래닛
영패션,엔비에이
영패션,엠폴햄
영패션,예츠Sale
영패션,오조크Sale
영패션,온앤온
영패션,올리브데올리브
영패션,올리브핫스텁
영패션,옵트
영패션,잇미샤
영패션,
영패션,잭앤질
영패션,쥬크
영패션,지바이게스
영패션,지오다노
영패션,지컷
영패션,지프
영패션,진스퀘어
영패션,질바이질스튜어트
영패션,
영패션,칩먼데이
영패션,
영패션,카살
영패션,카시바디
영패션,카이아크만
영패션,캘빈클라인진
영패션,캘빈클라인진 악세사리
영패션,커밍스텝
영패션,컨셉원
영패션,컬쳐콜
영패션,케네스레이디
영패션,코데즈컴바인
영패션,코인코즈
영패션,쿠아
영패션,퀵실버/록시
영패션,크럭스
영패션,크리스크리스티
영패션,클라이드
영패션,
영패션,타스타스Sale
영패션,탑걸
영패션,탱커스
영패션,테이트
영패션,티니위니
영패션,티렌
영패션,틸버리
영패션,팀스폴햄
영패션,힐피거데님
영패션,
영패션,팬콧
영패션,페이지플린Sale
영패션,폴햄
영패션,플라스틱 아일랜드
영패션,
영패션,행텐
영패션,홀하우스
영패션,후부
영패션,흄
영패션,
영패션,ab.f.z
영패션,
영패션,BIKE REPAIR SHOP
영패션,BSX
영패션,
영패션,DOHC
영패션,
영패션,EnC
영패션,
영패션,FRJ
영패션,
영패션,G-Star raw
영패션,GGPX
영패션,
영패션,H:CONNECT
영패션,
영패션,JJ JIGOTT
영패션,jnB
영패션,
영패션,KHOS
영패션,
영패션,MLB
영패션,
영패션,NII
영패션,
영패션,SPICY COLOR
영패션,
영패션,30 DAYS MARKET
영패션,TBJ
영패션,
영패션,UGIZ
영패션,ETC
영패션,96NY(나인식스뉴욕
명품화장품,가네보
명품화장품,겔랑
명품화장품,구찌(향수)
명품화장품,끌로에(향수)
명품화장품,
명품화장품,다나한
명품화장품,닥터자르트
명품화장품,닥터쥬크르
명품화장품,더페이스샵
명품화장품,돌체&가바나
명품화장품,딥티크
명품화장품,
명품화장품,라메르
명품화장품,라우쉬
명품화장품,라프레리
명품화장품,랄프로렌
명품화장품,랑방(향수)
명품화장품,랑콤
명품화장품,랩시리즈
명품화장품,로라메르시에
명품화장품,록시땅
명품화장품,르네휘테르New
명품화장품,르샤트라
명품화장품,리리코스
명품화장품,
명품화장품,메이크업포에버
명품화장품,멜비타
명품화장품,몽블랑(향수)
명품화장품,
명품화장품,바비브라운
명품화장품,버버리 향수
명품화장품,버버리뷰티
명품화장품,버츠비
명품화장품,베네피트
명품화장품,부르조아
명품화장품,불가리
명품화장품,블리스
명품화장품,비오템
명품화장품,빌리프
명품화장품,
명품화장품,설화수
명품화장품,숨37˚
명품화장품,슈에무라
명품화장품,스틸라
명품화장품,시세이도
명품화장품,시슬리
명품화장품,씨이오퍼퓸스
명품화장품,
명품화장품,아모레퍼시픽
명품화장품,아베다
명품화장품,아스타리프트
명품화장품,아이피시향수
명품화장품,안나수이
명품화장품,에스쁘아
명품화장품,에스티로더
명품화장품,엔프라니
명품화장품,엘리자베스아덴
명품화장품,엠코스
명품화장품,오리진스
명품화장품,오션/산심
명품화장품,오엠
명품화장품,오휘
명품화장품,올빚
명품화장품,이니스프리
명품화장품,이세오옴므
명품화장품,
명품화장품,존마스터스오가닉
명품화장품,지미추
명품화장품,
명품화장품,캘빈클라인
명품화장품,케빈어코인
명품화장품,코레스
명품화장품,코스메데코르테
명품화장품,코익퍼퓸
명품화장품,크리니크
명품화장품,클라란스
명품화장품,키엘
명품화장품,
명품화장품,투쿨포스쿨
명품화장품,
명품화장품,퍼퓸#
명품화장품,페레가모
명품화장품,펜할리곤스
명품화장품,프레쉬
명품화장품,프리메라
명품화장품,필로소피
명품화장품,
명품화장품,한국존슨&존슨
명품화장품,해피브랜
명품화장품,헤라
명품화장품,후
명품화장품,후 스파팰리스
명품화장품,
명품화장품,Dior
명품화장품,
명품화장품,~H2O+
명품화장품,
명품화장품,OPI
명품화장품,
명품화장품,RMK
명품화장품,Re:NK
명품화장품,
명품화장품,SK-II
명품화장품,SK-II BOUTIQUE S
핸드백/구두,가버
핸드백/구두,게스슈즈
핸드백/구두,고세
핸드백/구두,금강
핸드백/구두,
핸드백/구두,나무하나
핸드백/구두,나인웨스트
핸드백/구두,내추럴라이저
핸드백/구두,네오리즘
핸드백/구두,니나리치ACC
핸드백/구두,니콜생질르
핸드백/구두,
핸드백/구두,닥스구두
핸드백/구두,더블엠
핸드백/구두,델시
핸드백/구두,
핸드백/구두,라비상
핸드백/구두,라비앤코
핸드백/구두,라빠레뜨
핸드백/구두,라코스테 ACC
핸드백/구두,락포트
핸드백/구두,락피쉬
핸드백/구두,란셀
핸드백/구두,랜드로바
핸드백/구두,러브캣
핸드백/구두,레스포색
핸드백/구두,레이첼콕스
핸드백/구두,롱샴
핸드백/구두,루이까또즈
핸드백/구두,리키브라운
핸드백/구두,리틀파머스
핸드백/구두,릴리밀
핸드백/구두,
핸드백/구두,마나스
핸드백/구두,만다리나덕
핸드백/구두,메트로시티
핸드백/구두,모달루런던
핸드백/구두,몽삭
핸드백/구두,무크
핸드백/구두,미소페
핸드백/구두,밀라숀
핸드백/구두,
핸드백/구두,바나바나
핸드백/구두,바레베르데
핸드백/구두,바비
핸드백/구두,바이네르
핸드백/구두,바커
핸드백/구두,베어파우
핸드백/구두,베카치노
핸드백/구두,보르보네제
핸드백/구두,브라스파티
핸드백/구두,브루노말리
핸드백/구두,브릭스
핸드백/구두,비아모노
핸드백/구두,비쿰
핸드백/구두,빈치스벤치
핸드백/구두,빈폴ACC
핸드백/구두,
핸드백/구두,사만사타바사
핸드백/구두,사만사타바사 쁘띠초이스
핸드백/구두,사스
핸드백/구두,세라
핸드백/구두,세인트스코트
핸드백/구두,소노비
핸드백/구두,소다
핸드백/구두,슈콤마보니
핸드백/구두,스타카토
핸드백/구두,스톤플라이
핸드백/구두,스퍼
핸드백/구두,쌤소나이트
핸드백/구두,쌤소나이트 레드
핸드백/구두,
핸드백/구두,안드레아바나
핸드백/구두,알도
핸드백/구두,알파치노
핸드백/구두,앤클라인 뉴욕
핸드백/구두,어그
핸드백/구두,에스까마스튜디오
핸드백/구두,에스콰이아
핸드백/구두,에스콰이아
핸드백/구두,에이스
핸드백/구두,에이커츠
핸드백/구두,엘칸토
핸드백/구두,영에이지
핸드백/구두,옐로우레이디버드Sale
핸드백/구두,오마이솔
핸드백/구두,오브엠
핸드백/구두,이뮤
핸드백/구두,잇츠백
핸드백/구두,
핸드백/구두,제셀반
핸드백/구두,제옥스
핸드백/구두,제이에스티나
핸드백/구두,지니킴
핸드백/구두,지오앤사만싸
핸드백/구두,질스튜어트 ACC
핸드백/구두,
핸드백/구두,체뚜
핸드백/구두,
핸드백/구두,코치넬리
핸드백/구두,쿠론
핸드백/구두,크리스챤 쥴리
핸드백/구두,키사
핸드백/구두,키플링
핸드백/구두,
핸드백/구두,탠디
핸드백/구두,팀벅2
핸드백/구두,
핸드백/구두,파고
핸드백/구두,포브
핸드백/구두,피에르가르뎅
핸드백/구두,피오리나
핸드백/구두,핏플랍
핸드백/구두,
핸드백/구두,헤지스 ACC
핸드백/구두,호재
핸드백/구두,홈메이드도넛 도쿄
핸드백/구두,훌라
핸드백/구두,
핸드백/구두,MCM
여성패션,게스언더웨어Sale
여성패션,고세 여성
여성패션,국제모피Sale
여성패션,근화모피Sale
여성패션,기비
여성패션,김연주
여성패션,김영주
여성패션,까르뜨니트
여성패션,까르벤정
여성패션,끌레베
여성패션,
여성패션,노케제이 (정미선)
여성패션,니노셀린
여성패션,니트앤노트
여성패션,
여성패션,닥스 여성
여성패션,닥터미즈
여성패션,데무
여성패션,데미안
여성패션,데시데
여성패션,데코
여성패션,도호
여성패션,동우모피Sale
여성패션,디누에
여성패션,
여성패션,라쉬반
여성패션,라코스테우먼
여성패션,레니본
여성패션,로잔
여성패션,루치아노최
여성패션,르이 (이승희)
여성패션,리가
여성패션,리본Sale
여성패션,린
여성패션,
여성패션,마담포라
여성패션,모드아이Sale
여성패션,모조에스핀
여성패션,몬테밀라노
여성패션,미니멈
여성패션,
여성패션,바바라
여성패션,바이에토르
여성패션,베네치아
여성패션,베스띠벨리
여성패션,벨라디터치
여성패션,벨리시앙
여성패션,보디가드
여성패션,부르다문
여성패션,비꼴리끄
여성패션,비너스
여성패션,비비안
여성패션,빈폴레이디스
여성패션,쁘레나탈
여성패션,
여성패션,샤트렌New
여성패션,샤틴
여성패션,셀레네희 (정승희)
여성패션,소프리티Sale
여성패션,손정완
여성패션,쉬즈미스
여성패션,스완스
여성패션,스티브 J & 요니 P
여성패션,
여성패션,아니베에프
여성패션,아르테
여성패션,아이마임
여성패션,안윤정 앙스
여성패션,안지크
여성패션,양성숙
여성패션,엔도르
여성패션,엘르이너웨어
여성패션,엘페Sale
여성패션,엠씨
여성패션,엠포리오아르마니 언더웨어New
여성패션,예스
여성패션,오은환
여성패션,와코루
여성패션,요하넥스
여성패션,우단모피Sale
여성패션,우먼시크릿
여성패션,울티모
여성패션,원더브라
여성패션,유니.지 (박윤희)
여성패션,이동수
여성패션,이따리아나
여성패션,
여성패션,재희 신 (신재희)
여성패션,정호진
여성패션,제라르다렐Sale
여성패션,쥬시꾸뛰르
여성패션,지고트
여성패션,진도모피Sale
여성패션,
여성패션,제너럴 아이디어 (최범석)
여성패션,최수아
여성패션,
여성패션,캐리스노트
여성패션,캘빈클라인 언더웨어
여성패션,코데즈컴바인이너웨어
여성패션,크레송
여성패션,크로커다일 여성New
여성패션,키이스
여성패션,
여성패션,타미힐피거여성
여성패션,태림모피Sale
여성패션,토 (윤춘호)
여성패션,트라이엄프
여성패션,
여성패션,파비앤
여성패션,피에르가르뎅
여성패션,
여성패션,헤지스레이디
여성패션,화이트호스Sale
여성패션,후라밍고
여성패션,
여성패션,BCBG
여성패션,
여성패션,DVF
여성패션,
여성패션,J&R
여성패션,ETC
여성패션,사십이뮬
패션잡화,갤러리어클락
패션잡화,게스시계
패션잡화,골드마인
패션잡화,골드모아
패션잡화,골든듀
패션잡화,그램
패션잡화,
패션잡화,니탄
패션잡화,
패션잡화,닥스 모자
패션잡화,닥스 손수건
패션잡화,닥스 스카프
패션잡화,닥스 양말
패션잡화,닥스 우양산
패션잡화,닥스 장갑
패션잡화,더 히
패션잡화,디아만다
패션잡화,디얼스
패션잡화,디자인스킨
패션잡화,디자인태그
패션잡화,딥퍼플
패션잡화,
패션잡화,라베트리나
패션잡화,러브캣비쥬
패션잡화,레노마 모자
패션잡화,레노마스카프
패션잡화,로사벨라
패션잡화,루비루비
패션잡화,루이까또즈 우양산
패션잡화,루이까또즈 장갑
패션잡화,루이까또즈스카프
패션잡화,루첸리
패션잡화,
패션잡화,마리아꾸르끼
패션잡화,메트로시티 스카프
패션잡화,메트로시티 우양산
패션잡화,메트로시티 장갑
패션잡화,메트로시티 주얼리
패션잡화,몰리즈
패션잡화,몰리즈bar
패션잡화,미림시계
패션잡화,
패션잡화,바쵸바치
패션잡화,보이드
패션잡화,비너스 스타킹
패션잡화,비비안 스타킹
패션잡화,비비안웨스트우드 선글라스
패션잡화,비앤비
패션잡화,비체
패션잡화,빈티지헐리우드
패션잡화,
패션잡화,CK 양말
패션잡화,사라리
패션잡화,샤링
패션잡화,세렌 컬렉션
패션잡화,세컨스킨
패션잡화,셉템버마치
패션잡화,스와로브스키
패션잡화,스와치그룹 코리아
패션잡화,스타일러스
패션잡화,스톤헨지
패션잡화,스트링 리퍼블릭
패션잡화,싹스탑
패션잡화,
패션잡화,스위스 밀리터리
패션잡화,아비루즈
패션잡화,아이스워치
패션잡화,악세사리 키친
패션잡화,엘르 우양산
패션잡화,엘르 장갑
패션잡화,엠주
패션잡화,온앤온스카프
패션잡화,웅가로 우양산
패션잡화,웅가로 장갑
패션잡화,워치리움
패션잡화,원테디
패션잡화,위우드
패션잡화,
패션잡화,장폴앤클라리세
패션잡화,제이에스티나
패션잡화,젬크레인
패션잡화,지샥
패션잡화,
패션잡화,카림라시드
패션잡화,캉골
패션잡화,케이티앤지상상마당
패션잡화,클루
패션잡화,
패션잡화,토스
패션잡화,티르리르
패션잡화,
패션잡화,파슬 코리아
패션잡화,판도라
패션잡화,페리엘리스 스카프
패션잡화,펜샵
패션잡화,폴리폴리
패션잡화,프린세스
패션잡화,피에르가르뎅 모자
패션잡화,필그림
패션잡화,
패션잡화,하이비션
패션잡화,해리메이슨
패션잡화,햇츠온
패션잡화,헬렌카민스키
패션잡화,화동양행
남성패션,갤럭시라이프스타일
남성패션,갤럭시정장
남성패션,겐조ACC
남성패션,까르뜨블랑슈
남성패션,까스텔바작
남성패션,
남성패션,니나리치정장
남성패션,
남성패션,다니엘에스떼 넥타이
남성패션,다반
남성패션,닥스넥타이
남성패션,닥스셔츠
남성패션,닥스정장
남성패션,듀퐁셔츠
남성패션,
남성패션,라코스테
남성패션,레노마 캐주얼
남성패션,레노마넥타이
남성패션,레노마셔츠
남성패션,레드옥스
남성패션,로가디스그린
남성패션,로가디스정장
남성패션,루이까또즈셔츠
남성패션,
남성패션,마에스트로 정장
남성패션,매니퀸
남성패션,맨스타 캐주얼
남성패션,메르세데스-벤츠 컬렉션
남성패션,메트로시티 넥타이
남성패션,
남성패션,바쏘
남성패션,바찌셔츠
남성패션,벨그라비아
남성패션,본
남성패션,봄바니에
남성패션,브룩스브라더스
남성패션,브룩스브라더스 캐주얼
남성패션,빈폴
남성패션,빨질레리
남성패션,
남성패션,스톤아일랜드
남성패션,시리즈
남성패션,일꼬르소
남성패션,루이까또즈넥타이　
남성패션,아름다운사람
남성패션,에스플러스바이트루젠
남성패션,엠비오
남성패션,예작
남성패션,오롬시스템
남성패션,올젠
남성패션,웅가로 정장
남성패션,웅가로셔츠
남성패션,워모
남성패션,인터메죠
남성패션,
남성패션,장미라사
남성패션,제스
남성패션,제이프레스
남성패션,지오지아
남성패션,지이크
남성패션,
남성패션,카운테스마라 넥타이
남성패션,카운테스마라ACC
남성패션,카운테스마라셔츠
남성패션,캠브리지멤버스
남성패션,커스텀멜로우
남성패션,코데즈포맨
남성패션,클럽캠브리지
남성패션,킨록바이킨록앤더슨
남성패션,
남성패션,타미힐피거
남성패션,트로이카
남성패션,티아이포맨
남성패션,
남성패션,파카
남성패션,파코라반셔츠
남성패션,프랑코페라로
남성패션,프레드페리
남성패션,피에르가르뎅셔츠
남성패션,
남성패션,헤드그렌　
남성패션,헤르본셔츠
남성패션,헤지스
남성패션,헨리코튼
스포츠/아웃도어,
스포츠/아웃도어,골드윈
스포츠/아웃도어,골프장 예약 서비스
스포츠/아웃도어,긱샵
스포츠/아웃도어,
스포츠/아웃도어,나이키 슈즈
스포츠/아웃도어,나이키 의류
스포츠/아웃도어,네파
스포츠/아웃도어,노미스
스포츠/아웃도어,노스페이스
스포츠/아웃도어,노스페이스 화이트라벨
스포츠/아웃도어,뉴발란스 슈즈
스포츠/아웃도어,뉴발란스 의류
스포츠/아웃도어,
스포츠/아웃도어,다혼
스포츠/아웃도어,닥스골프
스포츠/아웃도어,닥터마틴
스포츠/아웃도어,더 쉘프
스포츠/아웃도어,데몬
스포츠/아웃도어,데상트
스포츠/아웃도어,도이터
스포츠/아웃도어,드래곤
스포츠/아웃도어,디젤 슈즈
스포츠/아웃도어,
스포츠/아웃도어,라시엘로
스포츠/아웃도어,라푸마
스포츠/아웃도어,레노마 수영복
스포츠/아웃도어,롯데자이언츠
스포츠/아웃도어,루디스
스포츠/아웃도어,루이가르노
스포츠/아웃도어,르까프
스포츠/아웃도어,르꼬끄골프
스포츠/아웃도어,르꼬끄스포츠
스포츠/아웃도어,르벨로
스포츠/아웃도어,리복
스포츠/아웃도어,
스포츠/아웃도어,마운틴하드웨어
스포츠/아웃도어,머렐
스포츠/아웃도어,먼싱웨어
스포츠/아웃도어,몬츄라
스포츠/아웃도어,몽벨
스포츠/아웃도어,밀레
스포츠/아웃도어,
스포츠/아웃도어,밴텍캠핑카
스포츠/아웃도어,버튼
스포츠/아웃도어,보그너
스포츠/아웃도어,불라
스포츠/아웃도어,블랙야크
스포츠/아웃도어,빈폴골프
스포츠/아웃도어,빈폴아웃도어
스포츠/아웃도어,
스포츠/아웃도어,살레와
스포츠/아웃도어,샌드박스
스포츠/아웃도어,셀시우스
스포츠/아웃도어,쉐펠
스포츠/아웃도어,스노우피크
스포츠/아웃도어,스닉솔
스포츠/아웃도어,스케쳐스
스포츠/아웃도어,스코노
스포츠/아웃도어,스키나라
스포츠/아웃도어,스프리스
스포츠/아웃도어,써코니(S)
스포츠/아웃도어,
스포츠/아웃도어,AK골프
스포츠/아웃도어,EXR 슈즈
스포츠/아웃도어,EXR 의류
스포츠/아웃도어,아놀드파마 골프
스포츠/아웃도어,아디다스 슈즈
스포츠/아웃도어,아디다스 오리지날 슈즈
스포츠/아웃도어,아디다스 오리지날 의류
스포츠/아웃도어,아디다스 의류
스포츠/아웃도어,아디다스골프
스포츠/아웃도어,아레나 수영복
스포츠/아웃도어,아식스
스포츠/아웃도어,아이더
스포츠/아웃도어,아쿠
스포츠/아웃도어,아크테릭스
스포츠/아웃도어,안나푸르나
스포츠/아웃도어,업다운
스포츠/아웃도어,에어워크
스포츠/아웃도어,에이글
스포츠/아웃도어,엑셀피트니스
스포츠/아웃도어,엘레쎄
스포츠/아웃도어,엘르 수영복
스포츠/아웃도어,엠에프에스
스포츠/아웃도어,오니츠카타이거
스포츠/아웃도어,오스프리 프로샵
스포츠/아웃도어,오클리
스포츠/아웃도어,유에스키즈골프
스포츠/아웃도어,
스포츠/아웃도어,잭니클라우스
스포츠/아웃도어,잭울프스킨
스포츠/아웃도어,
스포츠/아웃도어,K-SWISS
스포츠/아웃도어,카스크
스포츠/아웃도어,카파
스포츠/아웃도어,컨버스
스포츠/아웃도어,컬럼비아
스포츠/아웃도어,코베아
스포츠/아웃도어,코오롱 스포츠
스포츠/아웃도어,콜맨
스포츠/아웃도어,크록스
스포츠/아웃도어,킬텍
스포츠/아웃도어,
스포츠/아웃도어,테크나인
스포츠/아웃도어,트렉스타
스포츠/아웃도어,
스포츠/아웃도어,펠리체
스포츠/아웃도어,폴제니스
스포츠/아웃도어,푸마
스포츠/아웃도어,프레디
스포츠/아웃도어,프로스펙스
스포츠/아웃도어,플랫폼
스포츠/아웃도어,
스포츠/아웃도어,헌터
스포츠/아웃도어,헤드 슈즈
스포츠/아웃도어,헤드 의류
스포츠/아웃도어,헤지스 골프
스포츠/아웃도어,헬리한센
스포츠/아웃도어,휠라 골프
스포츠/아웃도어,휠라 수영복
스포츠/아웃도어,휠라 스포트
스포츠/아웃도어,휠라스포츠 슈즈
스포츠/아웃도어,휠라스포츠 의류
스포츠/아웃도어,
스포츠/아웃도어,K2
스포츠/아웃도어,
스포츠/아웃도어,SH Camping
스포츠/아웃도어,ETC
스포츠/아웃도어,2XU
스포츠/아웃도어,3CS
유아동,
유아동,게스키즈
유아동,까리제
유아동,꿈비
유아동,
유아동,넬리 / 찰리숍
유아동,
유아동,닥스키즈
유아동,더블하트
유아동,드팜
유아동,디밤비
유아동,디즈니
유아동,디즈니클래식
유아동,또봇
유아동,
유아동,레고
유아동,레노마주니어
유아동,로보카폴리
유아동,리바이스키즈
유아동,
유아동,마더피아
유아동,메리즈 / 무니망기저귀
유아동,메조피아노
유아동,몰펀
유아동,뫼비우스
유아동,무냐무냐
유아동,미미월드
유아동,밍크뮤
유아동,
유아동,바비
유아동,밤비니
유아동,베네통키즈
유아동,베베
유아동,북메카
유아동,브랜드BNew
유아동,블루독
유아동,블루독베이비Sale
유아동,비비하우스
유아동,빈
유아동,빈폴키즈
유아동,뻬그뻬레고
유아동,뽀로로
유아동,
유아동,세타필
유아동,쇼콜라
유아동,순둥이 물티슈
유아동,스텝 스트라이드
유아동,파파앤코
유아동,
유아동,아가짱혼포
유아동,아놀드파마주니어
유아동,아카데미하비
유아동,아피네
유아동,알로봇Sale
유아동,압소바
유아동,에뜨와Sale
유아동,에스크주니어Sale
유아동,에이원
유아동,엘르뿌뽕
유아동,엠엘비키즈
유아동,예화
유아동,오가닉맘
유아동,오시코시
유아동,잉글레시나
유아동,
유아동,지브리스튜디오(토토로)
유아동,짐보리
유아동,
유아동,카터스
유아동,캔키즈Sale
유아동,코지가든
유아동,
유아동,타미힐피거 칠드런
유아동,타요 인형
유아동,테디베어
유아동,티니위니키즈
유아동,티파니
유아동,
유아동,파코라반베이비
유아동,폴프랭크
유아동,프랜치켓Sale
유아동,프리미에쥬르
유아동,플레이모빌
유아동,플레이핑크파티New
유아동,피죤 젖병
유아동,
유아동,휠라키즈
명품,
명품,구찌
명품,까르띠에
명품,끌로에
명품,
명품,닐 바렛
명품,
명품,돌체앤가바나
명품,디스퀘어드2
명품,디아도라 헤리티지New
명품,디앤지
명품,
명품,랑방
명품,래들리
명품,
명품,마이클코어스
명품,마크 제이콥스Sale
명품,마크바이마크제이콥스
명품,마틴 마르지엘라
명품,멀버리Sale
명품,모스키노Sale
명품,몽끌레어
명품,몽블랑
명품,미우미우
명품,
명품,발렌시아가
명품,발리
명품,버버리Sale
명품,보테가베네타
명품,부르넬로 쿠치넬리
명품,비비안웨스트우드
명품,
명품,알렉산더 왕New
명품,에스티 듀퐁
명품,에트로Sale
명품,오일릴리Sale
명품,입생로랑
명품,
명품,지방시
명품,
명품,체사레 파치오티
명품,
명품,케이트스페이드Sale
명품,코치Sale
명품,
명품,토리버치
명품,토즈
명품,
명품,페라가모Sale
명품,펜디Sale
명품,프라다
명품,프리마클라쎄Sale
명품,
명품,it BAG SHOPSale
명품,
명품,TUMISale
명품,
명품,V73